Dataset,N,N_OR,N_NOR,C1_True,C1_False,C2_Correct,C2_Incorrect,Δ_Correct,Δ_Incorrect,DDS,C1_Avg,C2_Avg,Overall,Flips_True,Flips_True_Pos,Flips_True_Neg,Flips_False,Flips_False_Pos,Flips_False_Neg,Total_Flips,OR_C1_True,OR_C2_Correct,OR_DDS,NOR_C1_True,NOR_C2_Correct,NOR_DDS,Predicts_NOR_Rate,DDS_Var,DDS_Mean,C1_Human_Align,C2_Human_Align,Align_Delta,OR_C1_Align,OR_C2_Align,NOR_C1_Align,NOR_C2_Align,Flips_Toward_Human,Flips_Away_Human,Net_Align_Change,McN_True_pval,McN_True_h,McN_True_sig,McN_False_pval,McN_False_h,McN_False_sig
finalAIOdata_experiment_ready_gpt-4o-mini_speaker_b_judges_speaker_a_results,280,30,250,18.928571428571427,85.0,26.785714285714285,61.42857142857143,7.857142857142858,-23.57142857142857,31.428571428571427,51.964285714285715,44.107142857142854,48.035714285714285,50,36,14,104,19,85,154,13.333333333333334,26.666666666666668,13.333333333333334,19.6,26.8,33.599999999999994,26.785714285714285,0.5940816326530612,0.3142857142857143,18.928571428571427,26.785714285714285,7.857142857142858,13.333333333333334,26.666666666666668,19.6,26.8,36,14,22,0.0026021714567221466,-0.1877368129855681,***,3.7855174633264834e-11,0.5447874853246399,***
