Dataset,N,N_OR,N_NOR,C1_True,C1_False,C2_Correct,C2_Incorrect,Δ_Correct,Δ_Incorrect,DDS,C1_Avg,C2_Avg,Overall,Flips_True,Flips_True_Pos,Flips_True_Neg,Flips_False,Flips_False_Pos,Flips_False_Neg,Total_Flips,OR_C1_True,OR_C2_Correct,OR_DDS,NOR_C1_True,NOR_C2_Correct,NOR_DDS,Predicts_NOR_Rate,DDS_Var,DDS_Mean,C1_Human_Align,C2_Human_Align,Align_Delta,OR_C1_Align,OR_C2_Align,NOR_C1_Align,NOR_C2_Align,Flips_Toward_Human,Flips_Away_Human,Net_Align_Change,McN_True_pval,McN_True_h,McN_True_sig,McN_False_pval,McN_False_h,McN_False_sig
finalAIOdata_experiment_ready_gemma-3-12b-it_speaker_b_judges_speaker_a_results,280,30,250,43.57142857142857,75.71428571428571,74.64285714285714,19.642857142857142,31.07142857142857,-56.07142857142857,87.14285714285714,59.64285714285714,47.14285714285714,53.39285714285714,101,94,7,185,14,171,286,20.0,73.33333333333333,80.0,46.400000000000006,74.8,87.99999999999999,50.0,0.6977551020408163,0.8714285714285714,43.57142857142857,74.64285714285714,31.07142857142857,20.0,73.33333333333333,46.400000000000006,74.8,94,7,87,1.4633698424991997e-20,-0.6442986841081775,***,1.6907133051391473e-35,1.1926344676246492,***
