Dataset,N,N_OR,N_NOR,C1_True,C1_False,C2_Correct,C2_Incorrect,Δ_Correct,Δ_Incorrect,DDS,C1_Avg,C2_Avg,Overall,Flips_True,Flips_True_Pos,Flips_True_Neg,Flips_False,Flips_False_Pos,Flips_False_Neg,Total_Flips,OR_C1_True,OR_C2_Correct,OR_DDS,NOR_C1_True,NOR_C2_Correct,NOR_DDS,Predicts_NOR_Rate,DDS_Var,DDS_Mean,C1_Human_Align,C2_Human_Align,Align_Delta,OR_C1_Align,OR_C2_Align,NOR_C1_Align,NOR_C2_Align,Flips_Toward_Human,Flips_Away_Human,Net_Align_Change,McN_True_pval,McN_True_h,McN_True_sig,McN_False_pval,McN_False_h,McN_False_sig
finalAIOdata_experiment_ready_gpt-4o-2024-11-20_speaker_b_judges_speaker_a_results,280,30,250,39.285714285714285,70.35714285714286,53.92857142857142,27.142857142857142,14.642857142857139,-43.21428571428572,57.85714285714286,54.82142857142858,40.535714285714285,47.67857142857143,65,53,12,149,14,135,214,33.33333333333333,53.333333333333336,23.333333333333343,40.0,54.0,62.0,42.857142857142854,0.6652551020408164,0.5785714285714286,39.285714285714285,53.92857142857142,14.642857142857139,33.33333333333333,53.333333333333336,40.0,54.0,53,12,41,2.7862343424643344e-07,-0.2946129957236072,***,5.068356889073817e-26,0.8941037947373693,***
