Dataset,N,N_OR,N_NOR,C1_True,C1_False,C2_Correct,C2_Incorrect,Δ_Correct,Δ_Incorrect,DDS,C1_Avg,C2_Avg,Overall,Flips_True,Flips_True_Pos,Flips_True_Neg,Flips_False,Flips_False_Pos,Flips_False_Neg,Total_Flips,OR_C1_True,OR_C2_Correct,OR_DDS,NOR_C1_True,NOR_C2_Correct,NOR_DDS,Predicts_NOR_Rate,DDS_Var,DDS_Mean,C1_Human_Align,C2_Human_Align,Align_Delta,OR_C1_Align,OR_C2_Align,NOR_C1_Align,NOR_C2_Align,Flips_Toward_Human,Flips_Away_Human,Net_Align_Change,McN_True_pval,McN_True_h,McN_True_sig,McN_False_pval,McN_False_h,McN_False_sig
finalAIOdata_experiment_ready_qwen-2.5-7b-instruct_speaker_b_judges_speaker_a_results,280,30,250,22.142857142857142,80.35714285714286,55.00000000000001,44.642857142857146,32.85714285714286,-35.714285714285715,68.57142857142858,51.24999999999999,49.82142857142857,50.535714285714285,136,114,22,134,17,117,270,10.0,43.333333333333336,56.666666666666664,23.599999999999998,56.39999999999999,70.80000000000001,30.714285714285715,1.0083673469387755,0.6857142857142857,22.142857142857142,55.00000000000001,32.85714285714286,10.0,43.333333333333336,23.599999999999998,56.39999999999999,114,22,92,3.622971399178644e-16,-0.6911086204470157,***,1.5115278183336548e-19,0.7598088134199457,***
